Model,AIC,R_Squared,µ1,µ2,µ3,α1,α2,α3,µ,C10,C01
Ogden,-1617.8707532796914,0.9874532435747743,0.014449347192735787,0.017856233634642577,0.016477770621576526,2.321812437200647,0.2880300004270243,0.3551400237480019,,,
Neo Hookean,-1377.7229247817722,0.9692450985309591,,,,,,,0.02703826287474328,,
Mooney Rivlin,-1615.036441341276,0.9869564359055812,,,,,,,,0.01629852130816489,-0.016298521245257186
